matID,rows,nnzs,mkl_seq,mkl_par,cusparse_v1,cusparse_v2_lvl,cusparse_v2_nolvl,syncfree
338,1000,2498,0.0271778,0.0268412,0.60104,0.434646,0.483837,0.433
319,1000,2498,0.0316618,0.0297901,1.0635,0.489814,0.602726,0.8129
242,1000,2375,0.0285624,0.0331106,0.0487712,0.0570816,0.0604128,0.0338
240,1000,2375,0.029656,0.0333743,0.0494016,0.0576224,0.0607168,0.0347
909,1015,6009,0.0335739,0.0381742,0.0895968,0.0568256,0.0565248,0.0325
1896,1020,3795,0.0303347,0.0330077,0.0567328,0.0349888,0.0338944,0.0207
2366,1028,2061,0.0330746,0.0309342,0.154288,0.126445,0.0833536,0.1014
2358,1028,2061,0.0284701,0.0306233,0.154474,0.126234,0.0838656,0.1015
225,1030,3944,0.0293823,0.0332141,0.0680384,0.0576512,0.0582656,0.034
1188,1041,5358,0.0353748,0.0429987,0.126403,0.104704,0.0777216,0.0563
838,1048,1951,0.0282395,0.0309251,0.110685,0.0485824,0.0572416,0.0495
358,1050,15103,0.0465021,0.055905,0.17905,0.0953024,0.068912,0.0685
63,1074,1074,0.0258011,0.0296576,0.0071552,0.0151264,0.0148512,0.009
30,1074,7017,0.036606,0.0439875,0.208054,0.140429,0.125232,0.0853
243,1080,11040,0.0430227,0.0517038,0.163117,0.109866,0.08008,0.0723
64,1083,1083,0.025159,0.0234391,0.0071584,0.0141536,0.0144448,0.0102
31,1083,9760,0.0365206,0.038384,0.279917,0.157642,0.134144,0.1016
65,1086,11589,0.0385944,0.0474985,0.327123,0.295069,0.252317,0.2476
32,1086,11578,0.0387365,0.0422831,0.332675,0.290275,0.251802,0.2475
451,1089,3424,0.0302334,0.0311679,0.0471136,0.0307584,0.0288704,0.0184
450,1089,3389,0.0297597,0.0332338,0.0471936,0.0300768,0.0286688,0.018
1637,1090,2421,0.0282247,0.0288951,0.053008,0.0400096,0.0294944,0.0303
245,1104,2445,0.0270912,0.0297488,0.0390784,0.05112,0.0583648,0.0292
160,1107,4591,0.0323804,0.0369139,0.0659424,0.0559264,0.064,0.0323
1,1138,2596,0.0282046,0.0337339,0.0498912,0.0423488,0.0388128,0.0249
1346,1157,3470,0.0326343,0.0340047,0.0525344,0.0465024,0.0405472,0.0291
429,1159,6251,0.034565,0.0366338,0.188288,0.192854,0.170083,0.115
2370,1182,2380,0.0319283,0.0316231,0.0741792,0.0768832,0.0408608,0.0449
2362,1182,2380,0.0318415,0.0323588,0.0741088,0.0767776,0.0414752,0.0449
388,1182,16763,0.046391,0.0566792,0.258362,0.286208,0.178579,0.169
387,1182,17465,0.0428792,0.054069,0.229299,0.276755,0.178787,0.1696
386,1182,16763,0.0440187,0.0595405,0.259843,0.285578,0.179302,0.1703
385,1182,17465,0.0430875,0.0578867,0.228659,0.27632,0.180227,0.1696
384,1182,16763,0.0456148,0.0578644,0.258893,0.286909,0.178995,0.1691
1107,1220,4334,0.0320912,0.0336319,0.0335072,0.027424,0.0290784,0.0147
1106,1220,4334,0.0316737,0.0359364,0.0337664,0.0280736,0.0286752,0.0156
1105,1220,3858,0.0275693,0.0327867,0.0268192,0.0256032,0.026112,0.0133
1104,1220,3858,0.0285973,0.0316715,0.0270048,0.0252096,0.0260128,0.0139
1103,1220,3858,0.0298469,0.0336098,0.0270848,0.0251648,0.0260064,0.0134
1102,1220,3858,0.0297408,0.0349135,0.0267488,0.0251744,0.026,0.0134
1101,1220,3858,0.0292293,0.0321378,0.0267264,0.0254656,0.025904,0.0132
1100,1220,3858,0.0293389,0.0337908,0.027232,0.0248512,0.0258048,0.0133
1099,1220,3858,0.0285447,0.0311901,0.0268608,0.0253376,0.02632,0.0134
1098,1220,3858,0.0306042,0.0372388,0.0268704,0.025248,0.0262112,0.0145
1097,1220,3858,0.0317363,0.0305593,0.0275264,0.0253344,0.0261056,0.0146
1096,1220,3858,0.0290132,0.0363323,0.0267936,0.0254464,0.0261152,0.0132
1095,1220,3858,0.0307768,0.0357769,0.0266624,0.0255584,0.0260032,0.0134
1094,1220,3858,0.0280923,0.0323754,0.0266368,0.0270496,0.026112,0.0133
1093,1220,3858,0.0312652,0.030798,0.0268704,0.0256576,0.0263136,0.0135
1092,1220,3858,0.031088,0.0323228,0.0272288,0.0255712,0.0265248,0.0134
1091,1220,3858,0.0297939,0.0344792,0.0272288,0.025264,0.0262144,0.0133
1090,1220,3858,0.0312128,0.0307333,0.026656,0.0254208,0.0260096,0.0133
1089,1220,3858,0.0297988,0.0334094,0.0265472,0.0252736,0.0261024,0.0133
1088,1220,3858,0.031883,0.0310867,0.0269152,0.0253792,0.0263136,0.0145
1087,1220,3858,0.0290146,0.0343851,0.0269984,0.0252512,0.0261152,0.0133
1086,1220,3858,0.0317439,0.0356307,0.0265664,0.0252192,0.0261152,0.0135
1085,1220,3858,0.0288806,0.0345377,0.0266656,0.0252864,0.026416,0.0145
1084,1220,3858,0.0293865,0.0316605,0.027296,0.0251072,0.0260096,0.0133
1083,1220,3858,0.0342888,0.0338974,0.0267488,0.0254144,0.026208,0.0133
1082,1220,3858,0.029952,0.0342465,0.0266176,0.0255456,0.0259008,0.0145
1081,1220,3858,0.0318593,0.0346362,0.0267264,0.0252864,0.0254912,0.0134
1080,1220,3858,0.0296066,0.0316807,0.027264,0.0251424,0.0257024,0.0144
1079,1220,3858,0.0317457,0.0319321,0.0270112,0.0250208,0.0261088,0.0136
1078,1220,3858,0.0303576,0.0345054,0.026608,0.0250016,0.0259008,0.0146
1077,1220,3858,0.0302514,0.0322101,0.0266208,0.0253952,0.026208,0.0134
1076,1220,3858,0.0304043,0.0381916,0.0267648,0.0252384,0.0261088,0.0133
1075,1220,3858,0.0296793,0.0310702,0.0267328,0.0254368,0.0263168,0.0145
1074,1220,3858,0.0317321,0.0359029,0.0271264,0.0260704,0.0262144,0.0134
1073,1220,3858,0.0307014,0.0306959,0.0270528,0.02528,0.0260064,0.0135
1072,1220,3858,0.0303321,0.0328079,0.026752,0.0254848,0.026112,0.0135
1071,1220,3858,0.0298676,0.0324408,0.0270336,0.02688,0.0260096,0.0134
1070,1220,3858,0.0278406,0.0329439,0.02704,0.025584,0.026112,0.0133
1069,1220,3858,0.0316327,0.0339436,0.0265248,0.0251168,0.0262112,0.0145
1068,1220,3858,0.0310908,0.0343609,0.0267648,0.0251776,0.0257984,0.0135
1067,1220,3858,0.0276014,0.0330961,0.0270176,0.0254368,0.0256928,0.0133
1066,1220,3858,0.0291496,0.032982,0.0273728,0.025136,0.0262112,0.0135
1065,1220,3858,0.0313919,0.0364042,0.0270496,0.0253632,0.0263136,0.0135
1064,1220,3854,0.0316418,0.0331543,0.0270464,0.0261888,0.0262144,0.0134
1063,1220,3857,0.0285109,0.0327756,0.0271328,0.0255456,0.0260096,0.0138
1062,1220,3855,0.0320887,0.0328341,0.0271552,0.0269792,0.0260096,0.0134
1061,1220,3832,0.029214,0.0319175,0.027456,0.0256352,0.0265152,0.0133
1060,1220,3840,0.0307593,0.0335575,0.0269792,0.027712,0.0270304,0.0134
1059,1220,3830,0.031497,0.0317524,0.0271008,0.0261376,0.0270336,0.0134
1058,1220,3854,0.0324101,0.0310433,0.0268864,0.0251872,0.0261024,0.0136
1057,1220,3858,0.0326679,0.0312448,0.0270752,0.0254816,0.026112,0.0133
1056,1220,3858,0.031495,0.030423,0.027312,0.025216,0.0258048,0.0134
1055,1220,3858,0.030511,0.0350593,0.0268,0.0253408,0.0262144,0.0134
233,1224,5608,0.0328262,0.0384754,0.0918016,0.100381,0.0828416,0.0615
77,1224,28675,0.0620964,0.0847326,0.635389,0.495837,0.455782,0.5095
49,1224,28675,0.0622071,0.081953,0.635168,0.495664,0.455066,0.5094
1629,1250,4275,0.0322414,0.0319832,0.0760224,0.0976192,0.101277,0.0553
1628,1250,4275,0.0274324,0.0344414,0.0763616,0.0972416,0.101888,0.0542
208,1258,3231,0.0299327,0.0296632,0.0571168,0.0387776,0.0424928,0.0206
1911,1282,15963,0.0472717,0.0561514,0.246138,0.276355,0.202038,0.1684
375,1348,11296,0.0440347,0.0521416,0.33375,0.199754,0.203875,0.1358
1442,1357,5171,0.0324446,0.0355651,0.0280288,0.0253728,0.0253952,0.0144
214,1374,4829,0.0313377,0.0344496,0.0268768,0.0242048,0.0254944,0.0147
420,1409,22556,0.0535059,0.0687825,0.683642,0.495488,0.419741,0.4951
1446,1434,9831,0.0368057,0.0420848,0.341187,0.18343,0.14152,0.2219
359,1440,23855,0.0564537,0.0736162,0.171267,0.101386,0.0787392,0.0672
67,1473,10566,0.043007,0.0444186,0.261485,0.213008,0.173062,0.1384
66,1473,1473,0.0284399,0.0310379,0.0073952,0.0148064,0.0149536,0.0094
34,1473,17857,0.0507581,0.0621042,0.307517,0.314698,0.21177,0.2177
33,1473,17857,0.0473525,0.0589408,0.30711,0.313837,0.211558,0.2182
734,1477,11880,0.0408608,0.0460024,0.0651104,0.0407616,0.0357344,0.0247
1626,1484,3976,0.0322617,0.0393834,0.0273696,0.0243808,0.0241632,0.0143
864,1500,49560,0.086058,0.118341,0.336454,0.82369,0.708202,0.1602
271,1505,4696,0.0350136,0.0299093,0.0513888,0.037552,0.0429024,0.0198
2401,1589,4331,0.033453,0.0358624,0.0587328,0.0358976,0.032352,0.0293
434,1601,16950,0.0479228,0.0632777,0.276646,0.300387,0.231219,0.1752
438,1633,28088,0.060895,0.0796053,0.637491,0.543856,0.382054,0.4144
893,1650,4122,0.0291486,0.0336564,0.575683,0.385466,0.447997,0.4126
437,1651,25592,0.0571775,0.0783847,0.483475,0.523392,0.377446,0.3626
1430,1668,6209,0.0326749,0.0410866,0.212906,0.229866,0.252419,0.1212
823,1700,11548,0.0419499,0.0431743,0.648528,0.37585,0.22016,0.342
430,1733,11961,0.0448248,0.054967,0.340403,0.264938,0.200602,0.1769
287,1794,4779,0.0320083,0.0455351,0.38895,0.323709,0.193027,0.2508
36,1806,32630,0.0710989,0.0990474,0.571795,0.589898,0.343546,0.4221
1108,1813,5577,0.0368717,0.0461101,0.0687808,0.0549856,0.0508896,0.0198
1052,1813,5577,0.0392001,0.0446677,0.0682432,0.0558976,0.0518112,0.0197
1051,1813,5577,0.0391075,0.047945,0.06792,0.055744,0.0517056,0.0196
1050,1813,5577,0.0390234,0.046799,0.068336,0.0556768,0.051712,0.0197
1049,1813,5577,0.042315,0.0472411,0.0683136,0.0553184,0.051504,0.0198
1048,1813,5577,0.0411586,0.0445029,0.067664,0.055616,0.0518144,0.0196
1047,1813,5577,0.0395737,0.048275,0.0689024,0.0559008,0.0520224,0.021
1046,1813,5577,0.0404597,0.0457463,0.068656,0.0555072,0.051808,0.0197
1045,1813,5577,0.0383266,0.0475516,0.0681568,0.055344,0.0519136,0.0206
1044,1813,5577,0.0375277,0.0461783,0.0680832,0.0555104,0.0519168,0.0195
1043,1813,5577,0.0420916,0.0426163,0.0686528,0.0556576,0.0518176,0.0195
1042,1813,5577,0.0407194,0.0474057,0.0685184,0.0555072,0.0516096,0.0195
1041,1813,5577,0.0402043,0.041449,0.0682528,0.0556704,0.0520192,0.0196
1040,1813,5577,0.0407483,0.0470756,0.0680512,0.0554976,0.0512,0.0198
1039,1813,5577,0.0385468,0.0456344,0.068944,0.0554048,0.0517184,0.0207
1038,1813,5577,0.0387584,0.0430881,0.0686784,0.056304,0.0519168,0.0207
1037,1813,5577,0.0389318,0.0470043,0.0685184,0.0563328,0.05192,0.0198
1036,1813,5577,0.0395944,0.0427802,0.068256,0.055968,0.0516064,0.0196
1035,1813,5577,0.0383678,0.0484957,0.068096,0.0555904,0.051712,0.0199
1034,1813,5577,0.039667,0.0444647,0.0685184,0.0553952,0.0517088,0.0197
1033,1813,5577,0.0385386,0.0446561,0.068704,0.0554752,0.0517088,0.0197
1032,1813,5577,0.0374521,0.0470545,0.0685024,0.0553888,0.0519168,0.0198
1031,1813,5577,0.0403104,0.0478652,0.0685056,0.055552,0.0518176,0.0198
1030,1813,5577,0.0399811,0.0469821,0.0683104,0.0553056,0.0516064,0.0197
1029,1813,5577,0.0378187,0.0423348,0.0687264,0.0555776,0.0513984,0.0198
1028,1813,5577,0.0386715,0.0437976,0.0687232,0.055536,0.0514048,0.0197
1027,1813,5576,0.0392085,0.0491793,0.0692352,0.0556224,0.0514976,0.0198
1026,1813,5577,0.041425,0.0451774,0.0688384,0.0560384,0.0538592,0.0195
1025,1813,5577,0.0387021,0.0433016,0.0682208,0.0553632,0.0518176,0.0196
1024,1813,5577,0.040376,0.0475061,0.0686784,0.056032,0.051712,0.0197
1023,1813,5577,0.0427673,0.0473689,0.0687328,0.0556416,0.0516064,0.0198
1022,1813,5577,0.0385683,0.0490613,0.0679552,0.0554752,0.0515072,0.0198
1021,1813,5577,0.0399158,0.0465032,0.0679616,0.055568,0.0513024,0.0197
1020,1813,5577,0.0381826,0.0445331,0.0682624,0.0559328,0.0515072,0.0197
1019,1813,5577,0.0386861,0.04763,0.0680768,0.0559264,0.0521248,0.0208
1018,1813,5577,0.0390635,0.048883,0.0675904,0.0555264,0.0516096,0.0198
1017,1813,5577,0.0374198,0.0459022,0.0680704,0.0561088,0.0520224,0.0196
1016,1813,5577,0.0367316,0.0491055,0.0688672,0.0556928,0.0515104,0.0199
1015,1813,5577,0.0406214,0.0470177,0.068016,0.056,0.0513024,0.0196
1014,1813,5577,0.0406827,0.0441372,0.0682944,0.0555872,0.0520192,0.0209
1013,1813,5577,0.0377001,0.0479444,0.068352,0.0558208,0.0516128,0.0195
1012,1813,5577,0.0396564,0.0445763,0.067872,0.055648,0.0517152,0.0207
1011,1813,5577,0.0385472,0.0438751,0.0683072,0.0560864,0.0515136,0.0199
1010,1813,5577,0.040833,0.0471281,0.0683008,0.0554496,0.0515072,0.0196
1009,1813,5577,0.0384258,0.0428017,0.0681696,0.0561664,0.0524288,0.0196
1008,1813,5577,0.0397869,0.042291,0.0681184,0.0558496,0.0515104,0.0196
1007,1813,5577,0.0404265,0.0462698,0.0682176,0.055872,0.0516064,0.0209
1006,1813,5577,0.037995,0.0430539,0.06864,0.0555712,0.0510976,0.0197
1005,1813,5577,0.0386206,0.0458854,0.0683872,0.0553408,0.0515104,0.0197
1004,1813,5577,0.0397087,0.0476928,0.0681568,0.055616,0.051808,0.0197
1003,1813,5577,0.0398977,0.0433133,0.06816,0.0558784,0.0516064,0.0207
1002,1813,5577,0.0421862,0.0457474,0.0688704,0.0557088,0.0516128,0.0195
1001,1813,5577,0.0447742,0.0447019,0.0684032,0.055296,0.0515008,0.021
1000,1813,5577,0.038388,0.0425366,0.0682624,0.055664,0.0511072,0.0196
999,1813,5577,0.0402054,0.0445372,0.0678496,0.055936,0.0516096,0.0197
998,1813,5577,0.0403087,0.0440849,0.0682176,0.055296,0.0514048,0.0209
997,1813,5577,0.0400269,0.0435594,0.0680288,0.0558816,0.0517152,0.0197
996,1813,5577,0.0397299,0.0435847,0.0693344,0.0557728,0.0518144,0.0199
995,1813,5577,0.0412645,0.0474776,0.0685504,0.0557152,0.0515104,0.0197
994,1813,5575,0.0419166,0.0472192,0.0694208,0.05592,0.0518176,0.0195
993,1813,5571,0.0401854,0.0513279,0.0692352,0.0559232,0.0517184,0.0208
992,1813,5576,0.0402738,0.0458416,0.0687904,0.05568,0.0514048,0.0206
991,1813,5574,0.0393213,0.0425029,0.0692704,0.055744,0.051824,0.0198
990,1813,5569,0.0382381,0.0466659,0.068496,0.055808,0.0518144,0.0195
989,1813,5572,0.040024,0.0506506,0.0690272,0.0559168,0.0516096,0.0199
988,1813,5521,0.0378641,0.0457531,0.071984,0.0551968,0.0508928,0.0199
987,1813,5538,0.0410857,0.0434502,0.0679104,0.0553504,0.0509952,0.0198
986,1813,5524,0.040631,0.0487664,0.0692704,0.0551904,0.0510944,0.0196
985,1813,5577,0.0409132,0.0445567,0.068192,0.0556576,0.051408,0.0212
984,1813,5577,0.0398713,0.0440053,0.068688,0.0549728,0.0507904,0.021
1054,1814,8201,0.0450837,0.0513003,0.113731,0.0585568,0.055392,0.0282
1053,1814,8201,0.0432977,0.0536766,0.11433,0.0582432,0.055088,0.0294
427,1821,27253,0.0619927,0.0763123,0.887267,0.586483,0.417171,0.6247
757,1824,20516,0.0529459,0.0702055,0.330154,0.343629,0.213094,0.1977
363,1824,20516,0.0568045,0.0727066,0.33129,0.343267,0.212784,0.1979
259,1856,6671,0.0330805,0.0354547,0.0720352,0.0935104,0.100147,0.0504
258,1856,6608,0.0337034,0.0380189,0.0718976,0.0940928,0.100867,0.0494
1196,1879,7407,0.0379617,0.0409048,0.139939,0.0998272,0.0839648,0.0694
230,1919,6750,0.0341555,0.0384357,0.0156544,0.0225056,0.0239552,0.012
228,1919,17159,0.0444758,0.059141,0.235475,0.205485,0.161078,0.0995
76,1922,1922,0.0285931,0.0276512,0.0074176,0.0149184,0.0149536,0.0096
48,1922,16129,0.0527091,0.0657268,0.403136,0.197907,0.153296,0.1696
1638,2000,4059,0.0290021,0.0305471,0.0519744,0.0407744,0.031024,0.0309
320,2000,4998,0.0326496,0.0361564,2.12025,1.00339,1.24959,1.6246
299,2000,4998,0.0347798,0.0364985,1.19952,0.618944,0.609798,0.8892
68,2003,11973,0.0447049,0.0527733,0.267754,0.231866,0.267258,0.1763
35,2003,42943,0.082498,0.111842,0.883155,0.901376,0.657722,0.6155
272,2021,6372,0.0306464,0.0367156,0.0647552,0.0403072,0.0446432,0.0216
1441,2025,51020,0.0861373,0.123186,2.27806,1.11703,1.29075,1.6399
2367,2028,4061,0.035001,0.0390378,0.302608,0.235171,0.151552,0.1969
2359,2028,4061,0.0342053,0.0353622,0.302118,0.235498,0.150634,0.1957
1632,2048,7040,0.0313892,0.0376545,0.0992352,0.12495,0.127286,0.0705
1614,2048,6102,0.0338229,0.0361242,0.096928,0.125139,0.11152,0.0695
331,2048,7040,0.0360638,0.0374804,0.0992896,0.124736,0.127078,0.0708
309,2048,6102,0.0348681,0.039639,0.0966656,0.124941,0.111309,0.0695
1865,2053,6155,0.0358152,0.0372527,1.23012,0.71239,0.890467,0.8829
2256,2142,25711,0.0598764,0.078898,0.198739,0.11016,0.154931,0.0705
758,2146,37198,0.0642593,0.0832541,0.438733,0.584496,0.312522,0.3401
423,2163,48098,0.088167,0.120826,0.554448,0.683837,0.380826,0.3458
1537,2169,8657,0.0373965,0.0440428,0.0155648,0.0224288,0.0216032,0.0119
2371,2182,4380,0.033094,0.0384164,0.129533,0.138416,0.0676896,0.0774
2363,2182,4380,0.0361999,0.0371226,0.129555,0.138122,0.0673792,0.0775
417,2203,36092,0.0714005,0.0969629,1.32124,1.09493,0.934813,1.0133
227,2205,8169,0.0349167,0.0395972,0.10967,0.0999168,0.0983008,0.0533
421,2283,25510,0.0566412,0.0766213,0.586877,0.550595,0.443802,0.384
1378,2290,10296,0.037236,0.0446484,1.40184,1.2717,1.4166,1.1605
1538,2327,12072,0.040665,0.0436769,0.0156672,0.0283424,0.0273408,0.0153
892,2339,342568,0.437508,0.670721,2.78596,1.85665,1.40748,1.6775
891,2339,342568,0.439601,0.668592,2.73574,1.85215,1.41445,1.6822
539,2395,9857,0.0422403,0.0551787,0.407389,0.501238,0.228861,0.1501
841,2398,10944,0.0406974,0.0479117,0.281923,0.15879,0.114064,0.1429
407,2410,28625,0.061337,0.0825254,0.575821,0.636797,0.465002,0.3976
2230,2454,14655,0.039781,0.0494366,0.0371904,0.0483136,0.050272,0.0326
1613,2500,7450,0.0372874,0.03864,0.140954,0.209946,0.181654,0.096
224,2529,54911,0.088798,0.128457,0.255514,0.357354,0.187286,0.1452
1401,2541,4951,0.0313577,0.0378934,0.0127104,0.0188192,0.0197632,0.0118
408,2548,29928,0.0641952,0.0825328,0.754234,0.702957,0.464067,0.486
411,2568,39098,0.0688562,0.101483,0.942531,0.832854,0.53176,0.7117
394,2597,40350,0.0643192,0.0923347,0.558154,0.548653,0.300138,0.2661
393,2597,39288,0.0695054,0.0923849,0.600544,0.57225,0.299418,0.2692
392,2597,40350,0.066043,0.0934501,0.558739,0.548784,0.300339,0.2653
391,2597,39288,0.067101,0.0920647,0.600365,0.573142,0.298186,0.2696
390,2597,40350,0.0631627,0.0870584,0.558819,0.550083,0.300541,0.2651
389,2597,39288,0.0682657,0.0929778,0.607213,0.571098,0.299616,0.269
425,2603,40192,0.0791637,0.104621,0.595437,0.777446,0.468989,0.4383
370,2624,19244,0.049518,0.0560782,0.171811,0.0860064,0.0749568,0.0745
1535,2836,9498,0.0368882,0.0422854,0.0420384,0.0305952,0.0267136,0.0172
836,2837,9500,0.0372206,0.0762071,0.0403424,0.0305856,0.0265216,0.0183
426,2870,13312,0.0400113,0.0452865,0.558077,0.33399,0.284778,0.1795
282,2873,15032,0.0492396,0.0671736,0.202362,0.16943,0.168854,0.1002
546,2880,14305,0.0437409,0.0497685,0.132906,0.068544,0.0746528,0.0391
545,2880,14305,0.044026,0.0519429,0.131856,0.067616,0.0744416,0.039
831,2903,10998,0.0399797,0.0401286,0.114192,0.0973888,0.10056,0.0496
830,2903,10998,0.0386469,0.042227,0.113862,0.0974912,0.101066,0.0496
465,2904,7798,0.035216,0.0384351,0.044928,0.0297216,0.0326656,0.0171
759,2910,88603,0.133346,0.194325,0.910429,1.01284,0.570058,0.5246
1539,2921,12803,0.0416884,0.0524388,0.0155392,0.0233696,0.0241632,0.0143
735,2954,23760,0.0516383,0.0681428,0.0704512,0.044,0.0391104,0.0239
324,2961,8773,0.0374592,0.0418093,0.153702,0.221619,0.27719,0.1056
1790,3001,6001,0.0318903,0.0350567,0.0120256,0.0227776,0.02344,0.0514
1239,3002,7002,0.0346734,0.0397418,0.0113984,0.0194592,0.0199712,0.0106
459,3008,19354,0.0471821,0.0540734,0.0259648,0.0263744,0.0275488,0.0152
457,3008,19354,0.0472719,0.0584009,0.0257344,0.0271104,0.027232,0.0146
825,3060,22672,0.0500017,0.0617634,1.16762,0.610733,0.43848,0.5705
432,3079,28461,0.0667558,0.0815816,0.62727,0.563709,0.465306,0.2565
460,3083,13035,0.0453198,0.0481801,0.0355776,0.0291232,0.0299072,0.0167
439,3096,54720,0.0932451,0.127298,0.57017,1.03595,0.611322,0.4241
73,3134,3134,0.0317603,0.035064,0.0071136,0.0154432,0.015872,0.0096
45,3134,24156,0.0639104,0.0886578,0.346666,0.241347,0.154624,0.1418
237,3140,278874,0.360564,0.550596,3.60041,7.79195,9.06393,2.1311
236,3140,278874,0.362783,0.539493,3.64956,7.72261,9.30396,2.13
829,3169,12005,0.0475977,0.0581636,0.373984,0.269216,0.285389,0.1451
828,3169,12005,0.0449991,0.0601534,0.375238,0.269123,0.286208,0.1452
444,3175,46051,0.0798617,0.106973,0.308429,0.40936,0.31048,0.1031
840,3198,6028,0.0321664,0.0364626,0.124752,0.0680288,0.0588832,0.0713
1633,3200,11040,0.0383054,0.045289,0.159142,0.174646,0.19313,0.0856
1623,3200,10758,0.0367241,0.0409852,1.52441,0.789462,0.715056,0.6826
1622,3200,34416,0.0638329,0.0799561,1.87713,1.17429,1.56826,1.4254
815,3242,148759,0.196473,0.281962,2.30914,2.49948,1.66697,1.6372
814,3242,148759,0.195467,0.289427,2.31377,2.48622,1.66012,1.6389
412,3251,35013,0.0649475,0.0903288,0.860682,0.581805,0.495107,0.4053
458,3268,19614,0.0463083,0.0587672,0.0258784,0.0254688,0.0272384,0.0147
456,3268,19614,0.0460357,0.0579475,0.025856,0.0261056,0.0273408,0.0147
246,3312,11571,0.0401529,0.0427824,0.139789,0.0812416,0.0934976,0.0522
440,3363,51417,0.0856419,0.113525,1.00502,1.12369,0.704822,0.7895
819,3402,69168,0.116749,0.160169,0.326154,0.179722,0.143763,0.1125
900,3432,11749,0.0591155,0.0730996,0.131034,0.055344,0.0515136,0.041
377,3456,34992,0.0644658,0.0814934,1.24768,1.27566,1.44292,0.9806
1540,3509,17833,0.0470194,0.0599737,0.0152928,0.0279872,0.0285664,0.0185
910,3534,22564,0.0630403,0.0782659,0.128371,0.0837376,0.085392,0.0407
890,3557,695665,0.870703,1.08452,6.92754,4.91007,3.29636,3.721
74,3562,3562,0.0309676,0.0326876,0.0069984,0.0160576,0.01608,0.0106
46,3562,81736,0.129834,0.182365,1.39673,1.26175,0.70103,0.9194
241,3564,12940,0.0435533,0.0544757,0.155421,0.149165,0.170192,0.0614
433,3565,35578,0.0702319,0.0915306,1.02112,0.60665,0.511181,0.5897
71,3600,3600,0.0303856,0.032667,0.0074176,0.015872,0.0159776,0.0097
43,3600,15100,0.0412999,0.0506805,0.144112,0.158195,0.204387,0.0609
1541,3792,16332,0.0503616,0.0625558,0.01696,0.0250112,0.0241568,0.0144
1544,3797,26716,0.0568494,0.0772962,0.0202624,0.033488,0.034304,0.0146
428,3909,59633,0.101561,0.140894,0.719469,1.23389,0.835786,0.4817
191,3937,16508,0.0428902,0.0568468,0.205331,0.267082,0.360349,0.1085
189,3937,16522,0.0464709,0.0533479,0.192371,0.198518,0.211664,0.0862
37,3948,60882,0.110899,0.155024,0.667949,1.01853,0.490598,0.3979
1542,3969,17524,0.0455786,0.0679105,0.0157408,0.0283584,0.0296928,0.0197
410,3973,42092,0.0720347,0.0935089,0.648666,1.01749,0.632221,0.448
1640,4000,7659,0.0336951,0.0396029,0.0521024,0.0424352,0.0338912,0.032
467,4008,4348,0.0299806,0.040458,0.0175328,0.019472,0.0203808,0.0133
2368,4028,8061,0.0427434,0.0505893,0.594867,0.606518,0.32993,0.3928
2360,4028,8061,0.041136,0.0528545,0.594304,0.596925,0.326045,0.3931
1214,4098,38227,0.0868323,0.155403,0.54009,0.606042,0.29368,0.2011
1866,4101,12299,0.041747,0.21502,2.45001,2.00138,2.51023,1.7653
737,4101,56658,0.0865547,0.125039,0.13449,0.0989536,0.0854048,0.0514
736,4101,56658,0.0917199,0.389477,0.133965,0.101549,0.0867328,0.0513
1543,4119,19909,0.0535011,0.0743467,0.0152672,0.025936,0.027648,0.0144
839,4134,9910,0.0410466,0.059579,0.27608,0.142883,0.147146,0.1517
2372,4182,8380,0.0415742,0.0574764,0.24159,0.412042,0.1664,0.1461
2364,4182,8380,0.0422363,0.096325,0.241789,0.418493,0.168861,0.1464
1449,4257,20861,0.0471263,0.0715222,0.896106,0.80128,0.773328,0.3012
1448,4257,20861,0.0469941,0.0666569,0.904854,0.787331,0.797907,0.3012
1207,4257,4257,0.0294725,0.0523072,0.007136,0.0163392,0.016688,0.0099
1206,4257,20861,0.0493726,0.0672332,0.892701,0.784256,0.78449,0.3015
1545,4307,19422,0.0492281,0.329328,0.0171232,0.0293824,0.030512,0.016
1868,4326,39566,0.0691971,0.113804,0.0147168,0.0333088,0.0359392,0.013
50,4410,111717,0.16565,0.25467,1.40746,1.86327,1.00773,1.0088
371,4510,11244,0.0447038,0.0567709,0.107094,0.0517216,0.0529376,0.034
360,4515,51111,0.0981273,0.135404,0.765494,0.54783,0.537398,0.2924
405,4562,71263,0.108608,0.179753,0.915395,0.896442,0.477597,0.3761
404,4562,72685,0.106536,0.156652,0.861782,0.84536,0.471859,0.3743
403,4562,71263,0.108268,0.156552,0.907965,0.889142,0.497462,0.3761
402,4562,72685,0.107037,0.177383,0.864816,0.831766,0.455782,0.3745
401,4562,71263,0.108258,0.158375,0.908973,0.894515,0.473296,0.3774
400,4562,72685,0.105074,0.152354,0.863459,0.833104,0.461206,0.3746
399,4562,71263,0.110656,0.276795,0.901635,0.897059,0.482307,0.3772
398,4562,72685,0.103202,0.172412,0.863043,0.833782,0.470634,0.3748
397,4562,71263,0.110164,0.285354,0.917344,0.903027,0.480666,0.3762
396,4562,72685,0.107338,0.15388,0.86647,0.841955,0.467357,0.3743
395,4562,71263,0.108492,0.25538,0.913997,0.898115,0.480666,0.3764
1546,4563,17969,0.0513189,0.070369,0.0201344,0.028,0.0297984,0.0171
1547,4598,17594,0.0517066,0.0741066,0.020192,0.0280032,0.0295968,0.0125
760,4704,54730,0.104292,0.171295,0.825536,0.839888,0.575696,0.3569
810,4720,13922,0.0439914,0.0698525,1.05219,1.029,0.90399,0.7484
1625,4800,16160,0.0412734,0.0616031,2.27118,1.84598,1.64117,1.0296
1624,4800,51727,0.0876023,0.124375,2.9223,2.97614,3.79494,2.1195
353,4875,55107,0.0860131,0.189258,0.423709,0.515936,0.44288,0.1511
350,4875,160383,0.215898,0.457282,1.1014,1.44636,0.756016,0.4442
38,4884,147631,0.211513,0.304478,1.08001,2.20493,1.17903,0.7292
157,4929,23740,0.0723629,0.102291,0.107072,0.10824,0.120829,0.0446
156,4929,23651,0.0723382,0.119019,0.106,0.101133,0.10527,0.044
540,4960,14422,0.0438155,0.0698375,0.160598,0.144416,0.123494,0.0669
332,5000,17300,0.0450745,0.113029,0.2344,0.422838,0.516304,0.1062
322,5000,12498,0.0458192,0.0627063,5.25648,4.3188,5.27329,3.9549
244,5005,12519,0.0443256,0.0969599,0.14681,0.128186,0.130352,0.0564
1548,5033,24382,0.0602821,0.0821856,0.0167776,0.0261856,0.0277504,0.0175
1365,5041,88472,0.143388,0.214483,6.93907,5.22399,5.84202,4.7785
336,5151,15251,0.0450044,0.132825,0.284714,0.661357,0.720998,0.1941
1444,5177,20181,0.058798,0.10581,0.0276864,0.0263104,0.029184,0.015
1536,5308,19074,0.0479151,0.0687281,0.0324384,0.0289888,0.0331776,0.0155
837,5308,19074,0.047315,0.153932,0.0328512,0.0294336,0.0331776,0.0154
1549,5321,35507,0.0689753,0.287795,0.0178304,0.0251744,0.0292896,0.0433
1550,5339,41955,0.0721521,0.155247,0.0198272,0.03104,0.0321472,0.0189
1611,5357,106526,0.161702,0.259596,1.85795,1.77466,1.30242,1.3059
2232,5374,199138,0.23948,0.510657,0.538669,0.466515,0.518861,0.1345
1610,5489,112505,0.169353,0.24972,0.970598,0.939379,0.716285,0.413
1609,5489,112505,0.176171,0.26515,0.932682,0.978432,0.6956,0.413
1608,5489,112505,0.169127,0.252472,0.921453,0.9548,0.717926,0.4142
1607,5489,143300,0.197248,0.295846,0.712656,1.59194,0.744861,0.6156
1606,5489,143300,0.20266,0.420044,0.71367,1.59799,0.727856,0.6155
1605,5489,143300,0.200302,0.296838,0.713805,1.58453,0.734416,0.6154
1366,5743,102265,0.163989,0.2556,7.83625,6.83546,7.09795,5.486
414,5773,38789,0.0713089,0.182639,0.845958,0.687498,0.679325,0.2964
1358,5832,155731,0.232156,0.595585,8.32297,6.80909,7.82428,5.7382
548,5850,31280,0.0635874,0.0917791,0.212922,0.123114,0.150115,0.0607
547,5850,31280,0.066019,0.0936475,0.216541,0.128701,0.142029,0.0606
466,5860,26378,0.0553307,0.129041,0.0924288,0.067856,0.0652224,0.0246
826,5940,45175,0.0750662,0.104802,2.19712,2.22508,1.73036,1.0819
1200,5952,11771,0.0391883,0.0654255,0.0291296,0.0281792,0.0336864,0.017
1551,5975,30223,0.0587499,0.0938538,0.016912,0.02232,0.0256992,0.0426
1235,6001,1137751,1.38055,1.69574,15.7924,5.16079,2.32069,3.5941
902,6136,23756,0.087325,0.134654,0.197648,0.083264,0.0841728,0.044
818,6316,87999,0.144562,0.219864,0.210138,0.123098,0.0827392,0.0692
1552,6317,31220,0.0637429,0.219095,0.0172832,0.0243072,0.0266176,0.0273
1554,6537,34714,0.068959,0.167748,0.0239104,0.0419648,0.0396288,0.0191
1553,6611,35472,0.0670696,0.357126,0.0222368,0.0401504,0.0371744,0.0166
454,6747,34920,0.0643711,0.109438,0.0465536,0.0345472,0.0374784,0.0178
569,6774,30485,0.0616178,0.0925268,1.13421,1.39722,0.808035,0.4967
568,6774,30485,0.0653262,0.0960844,1.12926,1.39574,0.816938,0.497
413,6867,52769,0.100025,0.153152,1.04324,1.32822,1.46073,0.5161
935,7055,20914,0.0512716,0.646287,0.338947,0.60527,0.820122,0.1556
934,7055,20914,0.0539571,0.0914376,0.339098,0.641037,0.812746,0.1554
1331,7102,88618,0.133139,0.199868,0.705482,0.854451,0.530426,0.2405
1330,7102,173651,0.244475,0.424598,1.30531,1.58967,0.69632,0.4837
2350,7135,20931,0.0634834,0.129694,0.0911328,0.0518336,0.0456672,0.033
2245,7224,46858,0.0724187,0.1144,0.75449,0.74759,0.672256,0.2369
1891,7245,27754,0.0610059,0.222852,0.158918,0.124454,0.0658432,0.0393
446,7320,154982,0.224848,0.362752,1.47037,4.93246,2.34742,1.1245
739,7337,136775,0.177881,0.271453,0.256662,0.324291,0.236842,0.0941
738,7337,136775,0.175542,0.274157,0.256682,0.327094,0.240022,0.094
1555,7479,36710,0.072864,0.235783,0.0163584,0.0237056,0.0250912,0.0213
920,7500,138334,0.159564,0.243788,0.125674,0.045568,0.0500704,0.0275
917,7500,18872,0.0489964,0.0875783,0.0224384,0.0264896,0.0322528,0.0149
1395,7548,530015,0.724284,0.923299,2.95618,0.468931,0.30177,0.314
1197,7598,28263,0.0559921,0.652378,0.0491104,0.146256,0.0660448,0.0937
1187,7602,20153,0.0500097,0.245763,0.299677,0.501907,0.264909,0.0994
435,7740,232876,0.321001,0.591514,1.51056,3.25914,1.68008,0.8867
2335,7980,220214,0.29546,0.673955,1.64733,1.97619,0.87183,0.6729
348,8032,10675,0.0447803,0.072019,0.0423392,0.0355264,0.031744,0.0252
343,8032,181746,0.255161,0.424469,3.19754,4.79358,3.12986,2.3393
1170,8081,11977,0.0509395,0.0748364,0.0532352,0.0378368,0.0375808,0.0252
1557,8127,42908,0.0802387,0.240807,0.0221152,0.0390496,0.0361472,0.024
2539,8140,1012521,1.31776,1.85133,0.569741,2.15136,0.524083,0.4162
1615,8192,25368,0.0602652,0.216702,0.334746,0.610518,0.823088,0.1394
312,8192,25368,0.059026,0.104943,0.334675,0.67616,0.750589,0.1394
1556,8204,41440,0.0798264,0.249056,0.0204544,0.035904,0.0335936,0.0154
791,8205,66886,0.0980802,0.147913,1.82694,1.75795,2.37855,0.5652
1348,8219,125444,0.177197,0.315007,10.419,9.52153,9.98226,8.0441
2398,8361,24112,0.120036,0.342495,0.147194,0.0793312,0.082432,0.0424
1404,8765,25618,0.113309,0.186341,0.454608,0.952816,1.12343,0.2347
936,9000,1644345,2.94285,2.67372,15.6598,11.0322,8.02929,8.2742
448,9035,132389,0.203374,0.30711,1.63893,2.36219,1.00884,0.6923
581,9129,34927,0.0713676,0.431018,0.718208,0.6716,0.618605,0.2214
580,9129,34927,0.0703473,0.143246,0.715872,0.655942,0.610925,0.2216
1558,9271,73041,0.115169,0.182929,0.0220544,0.0384448,0.0355328,0.0213
790,9506,760633,0.917891,1.28688,21.8826,9.53607,10.2004,16.0113
789,9506,760632,0.944916,1.19218,21.9095,9.5355,10.2122,16.0213
788,9506,758028,0.914483,1.28295,21.8338,9.22249,10.0012,15.9417
787,9506,758158,0.910794,1.24347,21.811,9.06396,9.70803,15.7397
786,9506,684169,0.821489,1.11651,20.9,10.1026,9.68284,14.4451
785,9506,591626,0.701244,1.06088,19.6913,9.75248,8.91003,14.1344
784,9506,490688,0.593789,0.804052,18.5587,8.89316,9.15312,11.1176
783,9506,413904,0.497995,0.853068,17.6424,9.18564,9.09814,9.9875
782,9506,352370,0.429462,0.658427,15.8365,8.82618,9.15313,9.631
781,9506,319563,0.399713,0.765154,14.0944,8.60042,8.96542,9.6904
780,9506,298259,0.377185,0.645019,13.3116,8.6782,9.13766,9.7315
779,9506,274654,0.354896,0.67993,12.2502,8.75196,10.5309,9.6515
778,9506,252825,0.355569,0.645236,11.5573,10.2614,11.5761,9.7292
777,9506,241989,0.314353,0.510585,11.34,10.3513,11.1126,9.7812
776,9506,228162,0.312576,0.567772,10.9587,11.2314,11.9512,10.0274
775,9506,208885,0.285847,0.476252,10.6385,15.2806,12.272,9.8473
774,9506,205477,0.299363,0.498462,10.9185,11.1109,12.2991,10.096
773,9506,202506,0.283675,0.69463,10.9153,11.6559,15.0288,10.1509
772,9506,202161,0.282818,0.548119,10.9173,10.5896,11.9865,10.1191
771,9506,202159,0.282209,0.44115,10.9675,11.5598,12.2915,10.1367
770,9506,202157,0.283817,0.442602,10.9226,14.0877,12.5071,10.1359
769,9506,202157,0.284013,0.491909,10.967,11.1137,14.1618,10.1351
768,9506,202157,0.287066,0.491332,10.9672,11.2728,12.2022,10.1362
767,9506,202157,0.28362,0.501045,10.9652,10.9428,12.3633,10.1377
766,9506,202157,0.284335,0.506543,10.923,11.1201,12.5325,10.1324
765,9506,367280,0.451338,0.621689,16.3121,9.01368,9.23443,9.8543
376,9540,112095,0.197722,0.335111,1.60029,2.06066,2.61959,0.6849
887,9604,47434,0.0769137,0.139971,0.629373,1.64501,2.04462,0.3106
1433,9669,38530,0.0682196,0.140044,0.740307,1.84861,2.26355,0.4246
1432,9669,38530,0.0724787,0.115437,0.741267,1.78666,2.2526,0.4259
2351,9735,26612,0.0746801,0.905149,0.101376,0.0605856,0.0520224,0.0359
1560,9769,55757,0.0972356,0.307319,0.0236352,0.0406368,0.037072,0.0235
2540,9774,415289,0.51946,1.07174,0.234246,0.537219,0.526842,0.1378
1917,9801,48413,0.0787252,0.130737,0.870426,1.91644,2.03367,0.313
1916,9801,48413,0.0793495,0.149678,0.875968,1.60296,2.13524,0.3142
889,9801,48413,0.0780608,0.126406,0.871562,1.61369,2.07206,0.3142
888,9801,48413,0.0788528,0.137635,0.877853,1.75957,2.22249,0.3131
1559,9941,45721,0.0740623,0.369505,0.017584,0.0281248,0.0293824,0.0354
1612,10000,29900,0.0676381,0.11505,0.454048,0.940042,1.58607,0.2045
1425,10001,39996,0.0672965,0.111101,10.2121,12.5736,14.8394,8.0199
1245,10262,37214,0.0747731,0.239381,0.376403,0.653779,0.578246,0.1176
1561,10471,60378,0.0986777,0.315451,0.0270784,0.042912,0.0406496,0.0314
1347,10581,390741,0.466647,0.713385,0.0563552,0.211142,0.120938,0.0621
1409,10605,77592,0.131774,0.243678,2.30894,2.49705,2.61315,1.3856
1408,10605,313099,0.367339,0.601127,2.24169,1.09958,1.38291,1.3835
1406,10605,77592,0.129297,0.439315,2.30802,2.48919,2.59267,1.3866
1405,10605,313099,0.372106,0.599695,2.15085,1.09544,1.36561,1.3834
1472,10617,46635,0.151878,0.250103,0.149949,0.0926368,0.101274,0.0458
741,10672,219765,0.261371,0.490789,0.243402,0.299075,0.1876,0.0925
740,10672,219765,0.258626,0.622198,0.242979,0.304371,0.18831,0.0917
1563,10728,47864,0.0894618,0.300613,0.0222176,0.0413856,0.0387104,0.0146
2221,10798,313606,0.397469,0.61575,0.210989,0.569126,0.255072,0.1472
361,10848,620313,0.780942,1.53756,2.67747,1.45954,0.647379,0.8689
969,10938,122472,0.208956,0.334854,0.946656,0.70617,0.366387,0.2733
743,10964,220679,0.277149,0.450048,0.238253,0.342173,0.220048,0.0871
742,10964,220679,0.262198,0.512791,0.240339,0.328467,0.219024,0.0869
39,10974,219812,0.301189,0.475804,2.18664,3.20537,2.01841,1.4465
843,11107,11107,0.0460629,0.11198,0.0077504,0.0216768,0.023136,0.0125
842,11107,195017,0.262704,0.422912,1.9417,3.87606,2.85962,1.2971
1562,11125,67400,0.104813,0.181964,0.0219968,0.0309824,0.0304,0.0481
2352,11305,29724,0.0829682,0.399541,0.111414,0.0616896,0.0569376,0.0368
1183,11341,54944,0.183162,0.286221,0.292832,0.161734,0.168854,0.0639
911,11397,81021,0.149269,0.434208,0.18544,0.14191,0.147664,0.0605
1447,11445,93781,0.138945,0.311327,2.14574,3.02016,3.65999,0.904
1205,11445,93781,0.135866,0.22623,2.04789,3.08949,4.81352,0.9039
1204,11445,93781,0.135505,0.389281,2.058,3.19585,3.69725,0.9041
921,11532,258598,0.278807,0.454588,0.0342176,0.040528,0.0713664,0.0379
918,11532,28628,0.0609757,0.483821,0.022432,0.0267168,0.0369632,0.0166
2348,11685,30074,0.0784485,0.227179,0.116144,0.0619264,0.0538624,0.0411
1436,11730,221560,0.279746,0.464724,2.36233,5.24956,5.10464,1.8398
550,11790,71658,0.1232,0.208508,0.384742,0.325984,0.307194,0.1029
549,11790,71658,0.119919,0.212493,0.388262,0.347248,0.310989,0.1038
40,11948,80519,0.194304,0.360665,1.06741,0.830352,0.668259,0.313
1303,11999,53988,0.0831125,0.320367,42.416,18.9527,20.3017,10.1122
415,12005,135942,0.189547,0.386353,2.22568,3.00527,1.84135,1.0353
1242,12111,45537,0.0816659,0.160904,0.0822784,0.0671456,0.0723936,0.0311
372,12127,28306,0.0683452,0.127321,0.0969792,0.0879808,0.0742432,0.0272
379,12328,177578,0.273586,0.46282,0.917251,1.68628,0.992762,0.2831
930,12504,443698,0.56839,0.826404,0.831933,1.69858,1.62038,0.2195
1248,12546,78338,0.113629,0.179502,0.657802,0.859354,1.08298,0.2307
1247,12546,78338,0.114453,0.385089,0.648781,0.869453,0.993795,0.2307
1250,12992,33917,0.062438,0.484327,0.0194304,0.024512,0.02856,0.0177
1564,13206,93829,0.135792,0.246324,0.0243264,0.0349952,0.0368608,0.0488
2343,13250,33455,0.0880515,0.208721,0.121418,0.0670048,0.0572448,0.0444
2340,13250,33455,0.087496,0.153808,0.122736,0.0659936,0.0569344,0.0443
2342,13251,33457,0.0871464,0.277529,0.120595,0.0664768,0.060208,0.045
2339,13251,33457,0.0895429,0.16283,0.12025,0.0682656,0.0598016,0.0452
2353,13275,33630,0.089144,0.173806,0.124214,0.0660032,0.0623584,0.0445
2346,13296,33547,0.0908676,0.17074,0.122042,0.0658592,0.0571392,0.0443
2341,13309,33578,0.08767,0.287628,0.121373,0.0671392,0.0625664,0.0449
461,13436,68821,0.108931,0.196336,0.0403584,0.0331712,0.041264,0.019
927,13514,183138,0.307712,0.647488,0.412659,0.842538,0.582253,0.1277
445,13535,202071,0.266145,0.437977,0.643651,0.788291,0.694064,0.2477
1912,13681,345098,0.443762,0.621132,2.81303,5.51878,3.72091,1.7346
571,13694,64365,0.102601,0.384132,2.24047,3.47748,2.1632,1.0206
570,13694,64365,0.103013,0.346104,2.24301,3.51257,2.27297,1.0197
453,13935,45027,0.080937,0.315186,0.0347552,0.0290592,0.0378912,0.0205
354,13965,168435,0.20594,0.446775,0.632454,0.950982,0.910029,0.2222
351,13965,491274,0.592596,0.982934,2.37086,2.62611,1.34902,0.7639
811,14000,933552,1.20435,1.51631,1.89464,5.80377,14.3298,0.6746
2242,14098,238270,0.252567,0.395142,0.694061,0.373078,1.01069,0.1958
1319,14214,137061,0.235513,0.462899,2.78868,7.08674,6.11214,1.8754
745,14270,300197,0.346152,0.679464,0.258006,0.297168,0.210426,0.0793
744,14270,300197,0.380888,0.566846,0.256902,0.326557,0.213706,0.0793
2281,14340,9041364,17.0299,18.322,92.449,129.984,229.945,10.5677
2231,14454,86625,0.123679,0.224363,0.044752,0.085856,0.08816,0.1177
2214,14454,86625,0.119003,0.210021,0.0443936,0.0845056,0.0838592,0.1177
2237,14538,1458648,1.63904,2.03987,0.905536,0.524822,0.847261,0.2673
288,14734,53791,0.092766,0.160188,0.722006,2.2831,2.76194,0.3556
551,14760,94721,0.154847,0.568492,0.47344,0.474016,0.384822,0.1238
1184,14822,365313,0.490886,0.794197,4.25768,4.78313,2.19361,1.9765
1565,14913,72655,0.117618,0.192496,0.0214304,0.033248,0.0337856,0.0333
2354,15066,40474,0.107984,0.198123,0.120211,0.0713888,0.068608,0.0449
1566,15343,113372,0.163106,0.387592,0.0231392,0.0412032,0.0400384,0.0461
2233,15374,594088,0.676008,1.04761,0.699568,1.00925,1.0537,0.2938
2537,15435,86854,0.143492,0.23905,0.0921568,0.0570496,0.0583712,0.0391
75,15439,15439,0.0499188,0.109948,0.0084416,0.0253568,0.0271264,0.0151
47,15439,133840,0.27416,0.404772,2.26512,3.25631,2.42534,0.9457
468,15575,16642,0.0582139,0.103101,0.0321024,0.03256,0.0321536,0.0169
1212,15838,40673,0.0891494,0.18478,0.0853728,0.0499328,0.0538592,0.0346
1847,16129,134569,0.20549,0.351274,2.00246,3.29948,2.53696,0.7209
813,16146,515651,0.634272,0.863784,4.3656,6.76879,2.56656,2.3843
922,16428,433870,0.453039,0.686982,0.134214,0.14249,0.0745408,0.0498
919,16428,40400,0.0757796,0.171994,0.0230784,0.030496,0.0389952,0.0181
1243,16554,39047,0.0715828,0.163392,0.0120736,0.026864,0.0291744,0.0158
409,16614,556781,0.686055,0.947743,3.37526,4.2968,2.24829,1.2524
2391,16706,137957,0.299374,0.526442,1.1285,1.12748,0.600784,0.3625
2393,16726,64320,0.224253,0.392848,0.39225,0.31135,0.198246,0.1024
2355,16861,44511,0.123879,0.201988,0.12937,0.0724736,0.0762912,0.05
2278,16955,26490,0.11042,0.375837,0.0431616,0.0373376,0.0364544,0.0197
1359,17077,446500,0.57486,1.08123,27.9713,25.1159,29.3543,17.9124
899,17281,257727,0.407685,0.644554,1.2664,0.73415,0.553466,0.5563
1435,17361,519260,0.657388,1.20845,6.02636,13.9099,6.66368,3.9008
1203,17361,178896,0.293534,0.518736,2.32092,5.4053,4.18334,0.9725
1202,17361,519260,0.654276,1.04644,5.97997,13.9459,6.65354,3.9017
1426,17500,69981,0.109284,0.516326,0.0887232,0.0648928,0.073424,0.0353
868,17546,69742,0.12305,0.229935,1.02188,4.48633,3.13477,0.8915
747,17576,379864,0.431571,0.679429,0.214787,0.193846,0.169872,0.067
746,17576,379864,0.436776,0.783977,0.168691,0.197338,0.169158,0.0658
553,17730,118281,0.182801,0.319067,0.545293,0.583146,0.493059,0.1455
552,17730,118281,0.179962,0.301815,0.556774,0.594298,0.480358,0.1455
543,17758,71954,0.129114,0.227965,0.837203,1.14063,0.667846,0.2164
1851,17880,224310,0.288654,0.606892,1.77498,2.88736,2.45955,0.6605
937,18000,3457658,7.80146,8.03071,26.2515,19.2914,11.635,12.9091
583,18289,70427,0.12062,0.232303,1.41837,1.92325,2.45791,0.4333
582,18289,70427,0.123962,0.213585,1.40702,1.99796,2.63055,0.4334
1567,18354,92217,0.15027,0.816548,0.0273312,0.052608,0.0495616,0.018
901,18510,59256,0.214873,0.361543,0.180054,0.115635,0.114586,0.0431
970,18588,202591,0.339179,0.541378,1.32139,1.9487,0.93481,0.3807
869,18589,73935,0.123809,0.223558,0.99016,3.68252,3.10006,0.923
2243,18696,4375247,6.89296,6.96154,0.838397,0.357981,0.451174,0.3386
870,19366,77057,0.128524,0.339054,0.897088,3.98253,2.93448,0.8792
431,19716,123962,0.178344,0.372732,2.36717,3.19974,3.78337,0.7637
817,19779,674195,0.861822,1.21625,1.77514,1.95128,1.24938,0.8097
1363,19896,379247,0.465889,0.917566,28.6891,27.5056,30.307,19.7939
1439,19994,49980,0.0911742,0.183051,5.69322,26.2773,26.3615,4.2989
1437,19998,59990,0.0975866,0.204824,11.1053,35.0279,36.6701,8.6937
1427,20000,35000,0.0746531,0.163358,0.0119584,0.0294496,0.03224,0.0176
1429,20082,150616,0.304792,0.640227,1.64859,2.3342,2.078,0.5253
1428,20082,150616,0.300775,0.659107,1.50796,2.3712,2.05547,0.5264
1443,20209,79721,0.150502,0.61252,0.0292064,0.0343456,0.05816,0.0266
1451,20360,265113,0.347197,0.545454,2.27325,3.49535,1.70814,0.6773
1211,20360,20360,0.0606814,0.23593,0.0083968,0.0284448,0.030816,0.0165
1210,20360,265113,0.351154,0.615404,2.20441,3.45507,1.70291,0.6771
2234,20374,791563,0.884719,1.28556,0.710208,1.03512,1.33395,0.3732
925,20414,850599,1.21621,1.65653,1.10954,1.57109,1.49872,0.3458
455,20545,93769,0.152807,0.322237,0.0411456,0.0346432,0.042288,0.0209
573,20614,98245,0.147968,0.244823,3.33297,5.73421,3.43399,1.5375
572,20614,98245,0.14641,0.259418,3.32719,5.44906,3.4476,1.5381
1376,20640,61701,0.159082,0.28976,0.239325,0.182294,0.174998,0.0875
2347,20738,50096,0.127232,0.36472,0.102176,0.0576576,0.068,0.0442
1862,20896,109361,0.235819,0.398629,0.0680928,0.042784,0.0720896,0.0333
2349,20944,50482,0.135658,0.329969,0.106461,0.0533344,0.0679968,0.0419
2356,21128,53082,0.136869,0.262488,0.148634,0.0775488,0.0890912,0.0578
1568,21132,89087,0.161333,0.262639,0.0474048,0.0674592,0.0617536,0.0201
816,21200,754984,0.958526,1.29174,4.0978,4.09847,1.85211,2.6732
1336,21982,30330,0.0870764,0.279189,0.0340384,0.0841696,0.0370592,0.0177
1335,21982,274689,0.393898,0.720742,1.72729,2.19783,1.56119,0.7097
1334,21982,30330,0.0818769,0.253172,0.0349344,0.0824736,0.036864,0.0187
1333,21982,255426,0.373071,0.931984,1.67317,2.48643,1.73425,0.695
2280,22283,12345963,23.4541,23.6299,128.607,104.344,214.129,12.5358
1569,22401,108013,0.187588,0.539357,0.034288,0.06656,0.0614432,0.04
447,22560,484986,0.627893,1.18818,5.08756,15.0592,6.11932,3.3255
732,22695,686502,0.845078,1.09941,4.99553,7.13204,4.07634,1.9916
1342,22835,28616,0.0878926,0.170378,0.0318656,0.0381632,0.037472,0.0191
1341,22835,294391,0.428886,0.943685,3.37547,8.94338,7.93385,1.8018
1340,22835,28674,0.0895625,0.225816,0.0304352,0.180314,0.038192,0.0187
1339,22835,325598,0.469234,0.720063,3.66431,9.64479,9.10191,1.8717
1338,22835,28629,0.0893963,0.151296,0.0313152,0.0416736,0.0393216,0.0189
1337,22835,307168,0.468194,0.620857,3.4264,7.8601,6.71857,1.8214
1249,22967,60167,0.102758,0.279306,0.0207648,0.0323392,0.0377792,0.022
362,23052,588933,0.762887,1.08453,0.883619,0.354528,0.21176,0.2761
346,23052,177269,0.250776,0.392423,3.34738,5.58007,5.69119,2.4132
341,23052,583096,0.76577,1.03783,7.85475,12.5041,7.97798,6.2502
1570,23196,113123,0.177128,0.329915,0.035312,0.0711168,0.0658464,0.0236
2269,23412,120948,0.183627,0.332592,2.69724,5.97868,6.78901,1.5114
291,23560,253908,0.302848,0.446175,0.74376,1.3032,2.11128,0.2991
555,23670,165401,0.243115,0.397202,0.710362,0.81503,0.636205,0.1879
554,23670,165401,0.245363,0.402624,0.65695,0.838509,0.634362,0.1878
1571,23948,113332,0.181335,0.334856,0.0362176,0.0756192,0.069424,0.0216
355,24696,304233,0.352833,0.664289,1.00827,1.38748,1.48603,0.2975
352,24696,887937,1.0741,1.55636,3.44076,3.95634,2.18092,1.255
1874,24842,93504,0.226509,0.402173,0.138368,0.0682048,0.06512,0.0443
1234,24993,59979,0.0974329,0.175897,0.0121952,0.033584,0.0363424,0.0191
1111,25187,101190,0.30629,0.671992,0.431722,0.613584,0.550813,0.0857
1110,25187,101214,0.307853,0.564043,0.484832,0.649494,0.595453,0.0854
1109,25187,101214,0.308042,0.544189,0.43065,0.649043,0.640304,0.0856
289,25228,91150,0.150236,0.321745,1.67466,5.67978,5.7004,0.9899
347,25503,26263,0.0663088,0.13958,0.020624,0.03656,0.0383968,0.0198
342,25503,583240,0.780017,1.02664,9.04577,12.8304,9.82148,7.2028
2235,25626,6733882,10.9434,11.0705,1.0455,0.323526,0.482406,0.4319
1909,25710,1889447,3.83151,3.79464,13.967,23.227,10.9775,8.6859
832,26064,101616,0.153319,0.367999,0.289238,1.30841,1.90772,0.2234
833,26068,101632,0.150589,0.290493,0.292429,1.26117,1.8604,0.223
585,27449,105927,0.1695,0.295576,2.11864,3.96023,4.69556,0.6453
584,27449,105927,0.16956,1.44201,2.12421,4.29135,4.93312,0.6455
575,27534,132125,0.185806,0.461072,4.21996,7.79535,4.72187,2.0114
574,27534,132125,0.187301,0.326171,4.27847,7.63922,4.73159,2.0144
1298,27607,110401,0.153242,0.316029,0.022192,0.049824,0.0511872,0.2177
954,27628,235351,0.40393,0.78774,2.49934,3.22248,3.04876,0.794
1299,27792,112961,0.153672,0.278952,0.0165184,0.0363296,0.0399232,0.0227
2229,28216,389697,0.444694,1.02292,0.129142,0.302346,0.321325,0.2702
2238,28338,2914479,3.84951,4.58488,0.953133,0.525338,1.4506,0.5103
956,28984,317668,0.39672,0.651606,0.956854,1.2226,1.93709,0.5752
931,29067,1055066,1.59885,1.7366,1.14099,1.39372,1.12199,0.35
2224,29214,2225387,3.56843,3.91452,0.755718,1.28572,1.01991,0.6642
2220,29214,2225387,3.66438,3.76902,0.75505,1.28254,1.02227,0.6647
557,29610,212521,0.303766,0.668471,0.911373,1.1022,0.809776,0.233
556,29610,212521,0.301395,0.522294,0.955501,1.12302,0.802506,0.232
1283,29736,2249892,5.02045,5.32096,8.75884,7.55846,4.62571,4.972
2538,29902,166160,0.253165,0.593018,0.118282,0.0686656,0.0797728,0.0515
1643,29957,1012499,1.46435,1.63724,2.99665,5.27602,3.44002,1.6164
1309,29995,129971,0.178264,0.294394,72.6878,61.3071,68.1228,25.0675
1424,30003,80002,0.125695,0.362764,0.228458,0.269222,0.22415,0.0415
1295,30004,100008,0.150823,0.25126,11.055,41.7532,29.8774,9.6163
1572,30235,201224,0.273477,0.559912,0.0350304,0.0557728,0.0546784,0.0821
345,30237,32645,0.0827626,0.350932,0.0286656,0.0426112,0.0413568,0.0235
340,30237,740200,0.979285,1.23532,8.21769,12.4956,6.53639,6.3157
1288,30401,251001,0.300922,0.475171,3.10111,3.1793,7.78004,0.9098
1642,30412,905101,1.23997,1.51716,1.65434,2.07972,1.68121,0.9226
2222,30798,927486,1.1267,1.69374,0.27568,0.561613,0.431402,0.5559
2394,31163,151192,0.433009,0.742573,0.802525,0.986643,0.509443,0.1932
1573,31793,211743,0.285823,0.454949,0.03856,0.0831584,0.0768,0.0403
1237,32226,230335,0.485224,0.884598,0.145318,0.0669408,0.0772032,0.0435
1869,32769,208544,0.28748,0.501148,0.0218336,0.0474784,0.0506752,0.0289
1220,32780,218115,0.301332,0.673045,0.0510272,0.113859,0.101274,0.0305
1368,33401,675528,0.849413,1.0613,51.0688,41.244,47.3014,43.0759
2279,33833,37453,0.114566,0.22394,0.0401504,0.0493024,0.0446368,0.0214
835,33861,103167,0.146477,0.283254,0.0179712,0.0413248,0.0453408,0.0237
834,33861,103167,0.150835,0.548624,0.017888,0.0412224,0.0450432,0.0249
577,34454,166005,0.229268,0.396211,5.02806,9.39887,5.82994,2.4861
576,34454,166005,0.229769,0.796533,5.02546,9.49433,6.02132,2.4853
1277,34920,2339575,5.05293,5.50421,15.5187,22.1912,9.11544,9.4918
749,35152,759760,0.836352,1.26542,0.208662,0.248438,0.358493,0.1561
748,35152,759760,0.836568,1.31689,0.207622,0.25031,0.30535,0.1565
1218,35543,85829,0.133631,0.250151,0.0157824,0.0414528,0.04576,0.0244
559,35550,259641,0.361042,0.566598,0.980083,1.45406,1.04908,0.2747
558,35550,259641,0.3667,0.589306,0.960522,1.3559,0.965325,0.2745
2244,35696,8744077,13.9335,16.2996,1.02855,0.526848,0.812029,0.689
1574,35910,208405,0.308346,0.67018,0.04128,0.081696,0.0765984,0.0326
938,36000,7128473,16.5225,17.3559,39.1813,28.9962,14.1271,17.2902
284,36057,165429,0.273037,0.426501,1.82539,2.78426,3.10374,0.6174
283,36057,222173,0.35409,0.630788,2.91814,5.32324,5.08846,0.9626
2373,36417,2190591,4.94427,5.59766,43.5608,37.9103,29.2813,34.9313
1289,36441,301101,0.36239,0.554326,3.69468,4.05165,9.62201,1.052
587,36609,141427,0.217009,0.707908,2.54844,4.80314,6.75512,0.8575
586,36609,141427,0.215226,0.473944,2.54035,4.69787,6.30753,0.8576
1316,37261,240423,0.469449,0.708474,3.61248,4.96514,5.07669,1.3431
1221,37595,295076,0.403884,1.34956,0.0782048,0.193664,0.155242,0.0757
1879,37762,600003,0.790385,1.14748,7.93089,11.1851,13.1535,3.5131
1575,37833,221515,0.300561,0.626193,0.0476608,0.0776448,0.0767968,0.1812
2240,38098,646150,0.635454,1.01338,0.509674,0.386256,2.8971,0.6385
2236,38120,16124919,26.22,27.0411,1.78301,0.597069,0.647578,0.7323
2219,38120,16124919,27.5956,29.7336,1.78301,0.559664,0.64655,0.7299
1240,38434,129947,0.275924,0.462303,0.0882432,0.0630272,0.0686912,0.0445
812,38744,1032225,1.27135,1.67904,3.46687,5.73516,2.97205,1.6316
912,39082,299402,0.474327,0.744079,0.232723,0.240189,0.30751,0.1335
1371,39899,120017,0.264507,0.479967,0.0952448,0.10111,0.154518,0.1044
1315,40000,118804,0.209018,0.364596,1.2343,5.33033,6.94006,0.9316
1314,40000,118804,0.205554,0.376874,1.27331,5.05849,6.96392,0.9313
1312,40000,119600,0.214498,0.497459,1.23853,3.8845,7.02576,0.9355
2136,40216,556237,0.624144,0.838276,0.190054,0.337117,0.343853,0.6438
2344,40337,101659,0.263095,0.571434,0.16264,0.0919456,0.133117,0.0826
2345,40366,101724,0.244341,0.592246,0.162474,0.0911168,0.131379,0.083
1854,40401,120801,0.209676,0.369951,1.19677,3.73757,7.36707,0.9615
2395,40421,216114,0.589139,0.892936,1.03042,1.73356,0.736154,0.2766
2223,40798,1234696,1.62801,1.83956,0.333181,0.516138,0.399875,0.719
1313,40806,122214,0.214827,0.368951,1.51143,3.81143,7.45421,0.9715
827,41092,455104,0.680592,1.00075,0.368842,0.160266,0.13271,0.0754
1222,41282,260909,0.362201,0.697483,0.0551264,0.138406,0.115405,0.0379
579,41374,199885,0.268734,0.421219,6.10574,11.0927,6.55749,2.9573
578,41374,199885,0.268017,0.454654,6.11856,11.3469,6.74263,2.9565
561,41490,306761,0.435134,0.653849,1.22486,1.50661,1.13633,0.3179
560,41490,306761,0.427383,0.674052,1.21936,1.63686,1.19367,0.3192
1223,41731,300537,0.407394,0.678006,0.122611,0.202381,0.177354,0.0656
949,41731,300537,0.411012,0.716452,0.074912,0.204336,0.178995,0.0654
2239,42138,4370310,6.19991,6.91138,0.98744,0.470118,1.95256,0.7326
932,42930,1595787,2.72752,3.06115,1.06925,0.812979,0.786429,0.3475
1577,43618,176817,0.277964,1.04847,0.0798688,0.117882,0.107011,0.0325
1576,43640,171109,0.257371,0.63068,0.0730464,0.102886,0.0956416,0.0324
2536,43887,255799,0.376687,0.623168,0.19305,0.0901664,0.107824,0.07
1224,44234,239469,0.345935,0.6252,0.195747,0.150394,0.13312,0.0345
2282,45101,14506196,28.6873,32.9485,115.546,90.2122,173.467,13.3036
589,45769,176927,0.27952,0.519423,3.35867,8.67041,10.1967,1.0698
588,45769,176927,0.267691,0.564825,3.73488,9.54726,9.60317,1.0706
846,46772,1068033,1.64481,1.8205,7.8914,9.29064,4.91335,3.9169
349,46772,46772,0.106897,0.37845,0.012112,0.0484032,0.0533376,0.024
374,46835,1210418,1.68252,2.46074,16.1267,26.4018,16.0891,11.1881
1287,47072,1191985,1.70402,2.52508,8.9497,9.08748,3.64534,3.4628
563,47430,353881,0.487776,0.836111,1.45316,1.88094,1.35424,0.3616
562,47430,353881,0.483633,0.737881,1.44036,1.76596,1.30202,0.3617
1578,48066,204297,0.321595,0.594565,0.0895904,0.133328,0.12001,0.0355
801,48600,614860,0.887931,1.41036,1.08956,0.72144,1.3185,0.867
1311,48962,280523,0.393299,0.99802,3.63596,13.3312,9.00822,1.5383
1246,49666,312322,0.408163,0.609171,1.59778,3.34252,8.06186,0.745
1414,49702,191814,0.381242,0.706332,0.152742,0.103181,0.159846,0.1235
1413,49702,191814,0.392477,0.586184,0.152365,0.101254,0.160458,0.1235
1588,49989,274498,0.401576,0.653903,0.0554272,0.232544,0.120931,0.0923
951,49989,274498,0.402553,0.803516,0.0584544,0.138813,0.120829,0.093
1310,50000,199984,0.266521,0.460231,0.0975488,0.0790144,0.109571,0.0523
1308,50000,799494,1.19137,1.51529,0.328947,0.211754,0.247603,0.1331
1304,50000,199984,0.268146,0.454756,0.0973792,0.0790176,0.109674,0.0512
1375,51032,151650,0.321699,0.535916,0.0875552,0.10207,0.16793,0.1143
1587,51035,384438,0.499252,0.792088,0.0655488,0.112115,0.111002,0.2527
950,51035,384438,0.499789,0.768875,0.0625376,0.110736,0.110784,0.2526
958,51448,558004,0.646502,0.892118,0.911971,0.811466,2.57321,0.925
957,51448,558004,0.66725,0.919181,0.967354,0.817648,2.59287,0.9247
1233,51537,531157,0.809493,1.30785,4.95652,4.00821,5.713,2.7002
983,51993,204565,0.406879,0.729269,0.315952,0.194778,0.301459,0.1269
356,52329,1375396,2.39476,2.55371,6.08567,4.82622,3.79782,3.8381
1257,52804,5333507,12.1963,12.9215,20.0302,20.7943,7.62142,9.2987
565,53370,401001,0.548716,0.809726,1.75176,2.02491,1.55996,0.4538
564,53370,401001,0.554541,0.789921,1.71617,2.03385,1.55392,0.4541
955,54019,526117,0.747634,0.972936,5.47457,7.34397,7.41438,1.9929
761,54870,1366097,2.22573,2.44501,10.8458,13.5065,7.12284,5.1291
591,54929,212427,0.318676,0.59976,3.99495,10.0234,12.0902,1.2832
590,54929,212427,0.313894,0.491906,4.07697,8.70305,11.0151,1.2821
1230,55476,407714,0.750278,1.03421,0.827114,0.547926,1.79261,0.4803
2225,56814,4433209,9.13056,8.9009,0.848416,1.25085,1.16787,1.1177
452,57735,195628,0.302774,0.490176,0.0376864,0.0639488,0.0756672,0.036
1589,57975,294955,0.412865,0.765227,0.043104,0.087536,0.0861184,0.0484
952,57975,294955,0.39962,0.638813,0.0435808,0.0875456,0.0866304,0.0483
567,59310,448121,0.632663,0.855074,1.82848,2.17042,1.70824,0.518
566,59310,448121,0.61193,0.924684,1.84151,2.0592,1.76558,0.5181
1302,60000,179999,0.2991,0.524319,61.8488,115.73,136.528,48.7076
1293,60008,170008,0.242282,0.419225,0.180909,0.182582,0.159952,0.174
1294,60012,360023,0.456076,0.784327,0.671213,1.24772,0.967782,0.642
2241,60098,1020040,0.993129,1.40773,0.480538,0.386922,4.56304,0.9627
1880,60740,1045090,1.53618,2.04689,5.26859,5.45652,3.65804,2.2188
1354,61349,1721579,3.04886,3.1502,98.9,78.4971,91.0358,80.7968
1352,61349,3016148,6.31182,7.57688,115.724,80.6755,100.85,84.2295
822,62424,890108,1.11017,1.42479,10.5482,19.8054,23.0125,5.2612
821,62424,890108,1.20638,1.59314,10.555,20.3533,21.8349,5.2666
820,62424,890108,1.23002,1.38218,10.5241,21.4528,22.7758,5.2626
2375,62451,2034917,4.04511,4.58806,11.7305,16.6128,10.5,3.8807
1306,62500,249983,0.329075,0.584469,0.111082,0.0909888,0.11776,0.0532
1258,63838,7106348,16.5386,17.2532,23.741,22.2518,8.52644,10.4146
593,64089,247927,0.380249,0.603091,4.98832,13.6618,14.3761,1.4912
592,64089,247927,0.360523,0.571573,4.95223,14.8931,14.3209,1.4906
1225,64810,315408,0.502982,0.766636,0.0616736,0.15583,0.144589,0.0445
1848,65025,547625,0.779933,1.01182,5.88228,13.5342,7.45155,2.3313
845,66127,863353,1.03033,1.29471,1.58852,2.34933,2.77197,1.1741
844,66127,863353,1.18773,1.35764,1.72811,2.27452,2.79563,1.1736
1434,66917,885141,1.40146,1.58977,3.29134,3.30562,2.5727,1.3571
1357,67024,1141880,1.84729,1.78574,96.3018,75.0826,84.0732,87.3587
1399,67173,1983753,4.30338,4.47356,2.15491,2.02838,2.79807,1.8691
1226,67458,345714,0.511897,0.777081,0.0782784,0.296694,0.168349,0.0537
1238,67759,324169,0.529868,0.831059,2.08179,2.40887,8.34437,1.4723
1867,68121,1404561,2.21954,2.57405,32.5335,37.9782,30.3107,23.223
541,68902,222230,0.629626,0.889919,1.49385,1.14325,1.6216,0.7269
1227,68924,363955,0.510701,0.773642,0.0774944,0.210307,0.169885,0.0583
751,70304,1519552,1.76845,2.242,0.260838,0.260704,0.593808,0.3059
750,70304,1519552,1.69345,2.33711,0.259843,0.362048,0.590435,0.3057
804,70656,949510,1.3979,1.61347,10.7306,18.583,9.32996,5.5861
1861,71505,2682895,6.08845,6.47663,6.22477,4.15023,1.92943,1.9386
939,72000,14393817,34.7197,43.5821,64.8578,44.8056,19.6047,26.7812
1270,73752,1835470,3.55638,4.27989,11.7793,11.3518,8.37181,7.1417
752,74752,335872,0.469323,0.77778,1.18043,2.97864,2.92014,0.5297
1305,75000,299982,0.397232,0.705424,0.113792,0.101546,0.133008,0.0599
2227,76216,1055457,1.28396,1.62452,0.346448,0.453648,0.382976,1.2141
809,76480,228482,0.38167,0.617452,16.809,60.0869,48.9326,11.2849
1228,76638,468096,0.648426,1.01477,0.195818,0.28713,0.223232,0.0777
1450,79171,2215638,4.94822,5.1594,7.84678,12.1325,9.79722,4.9764
1209,79171,2215638,5.05518,5.33443,7.84054,13.0366,10.6023,4.9739
1208,79171,2215638,5.02589,5.84674,7.8642,13.075,10.7046,4.9761
1445,79841,316881,0.508816,0.767206,0.0441856,0.095488,0.195779,0.0902
1292,80016,231123,0.330889,0.557039,0.141235,0.277968,0.253536,0.1132
1291,80016,235029,0.31945,0.790692,0.136163,0.223664,0.213693,0.1147
373,80209,190423,0.314948,0.622212,0.244166,0.403034,0.241251,0.0731
1300,80595,279794,0.356305,0.609301,0.0243424,0.0862176,0.09736,0.049
1422,80800,311492,0.420673,0.668418,0.87775,2.1565,4.81138,1.0564
2262,81920,204800,0.318926,0.532654,1.86312,8.34508,2.47757,0.8646
2261,81920,204800,0.324148,0.815083,1.85864,7.7768,2.34721,0.8646
1402,82654,328556,0.937099,1.25147,3.05713,5.79767,2.8544,1.0469
2374,83334,3046907,7.25772,7.64395,3.1105,2.65217,5.17335,2.7399
1229,84064,395811,0.582117,0.818587,0.119104,0.249549,0.199581,0.0691
2226,84414,6641591,13.96,14.2823,0.944774,1.46169,1.37881,1.5603
290,84617,264734,0.439822,0.663563,3.18347,12.9236,10.1309,2.4257
928,85623,1230286,2.03783,2.49938,0.63575,0.406736,0.438781,0.2569
1369,86916,347644,0.661998,0.920483,0.704406,0.739718,1.07028,1.0118
1377,87190,348876,0.668259,0.940646,0.653718,0.72527,1.07253,1.024
1374,87190,348876,0.67263,0.956417,0.652701,0.72752,1.13019,1.0251
1307,87500,349981,0.466517,0.671993,0.165968,0.115715,0.149594,0.0733
1244,88263,429856,0.707605,0.960109,2.73105,3.82216,9.66522,1.5793
1892,89400,622812,0.742628,0.935892,3.58279,9.42421,14.1832,3.2048
1276,90449,1921955,4.01492,4.44574,5.93375,5.66536,8.16537,7.951
1275,90449,2455670,5.31948,5.90497,9.32802,9.75354,7.68379,8.1277
1296,93279,652264,1.01526,1.36776,1.77369,2.94672,2.06561,0.4873
1345,94294,319864,0.625299,1.09166,0.300806,0.491674,0.67543,0.9186
1344,94294,369544,0.688698,0.965333,0.69079,0.727002,1.2201,1.0405
1343,94294,369544,0.703889,1.20541,0.692304,0.686723,1.1519,1.0398
1361,97569,2626974,6.02433,6.72527,156.329,116.834,132.274,132.6743
1269,97578,4925574,12.2477,16.3273,20.4339,16.5957,5.837,7.1282
1416,99190,339040,0.966682,1.23513,0.248672,0.137178,0.198653,0.1476
1415,99340,526789,1.08816,1.43261,1.25078,9.31559,9.33755,1.8735
1919,101492,874378,1.77392,3.03797,36.6439,42.0043,37.877,14.6967
2258,102158,406858,1.09588,1.66804,0.766013,0.708861,0.342528,0.347
2257,102158,406858,1.09686,1.68448,0.76639,0.742829,0.342733,0.3473
959,103430,1115870,1.55971,1.73252,1.44453,1.43964,7.53796,2.7056
542,105676,309410,0.475804,0.930786,0.103027,0.140365,0.162202,0.1056
1431,106437,1406808,2.69834,3.11753,10.1252,11.8729,6.44352,3.0831
1290,108384,5138004,12.5686,12.991,21.5148,27.3702,8.91893,7.8548
894,109460,273647,0.424931,0.855437,0.702474,1.55328,2.50123,0.7034
1372,110355,335928,0.681738,1.09234,0.14519,0.1744,0.409277,0.3139
1855,112211,436421,0.557825,0.763989,0.888918,1.56412,14.0771,1.7815
1356,112985,4282190,10.3025,10.9796,198.821,140.022,160.335,160.5554
1355,112985,4002590,9.64744,11.9943,194.902,138.795,159.755,158.9062
967,113076,1959072,4.48802,4.70886,5.52807,5.50054,11.2633,2.6501
966,113076,1959072,4.25557,4.67466,5.57533,5.8172,10.975,2.6497
965,113076,1959072,4.41176,4.83331,5.57097,5.70152,11.4107,2.6492
964,113076,1959072,4.24219,4.5109,5.5686,5.66977,11.2788,2.6498
1350,113081,3114357,7.16735,7.37695,181.407,132.988,150.828,153.2534
1281,114919,3384159,8.15231,8.32636,13.3793,13.8315,5.75672,4.5027
968,115625,2006591,4.30179,4.84255,5.68228,6.2481,10.5428,2.7018
963,115625,2006591,4.70879,5.82389,5.65952,6.15755,10.5904,2.6991
962,115625,2006591,4.59764,4.7863,5.64372,5.85704,10.2846,2.6994
961,115625,2006591,4.63488,4.80367,5.71234,6.09318,10.2031,2.7001
897,115967,574718,0.715682,1.01606,2.04897,3.09125,14.8822,2.2005
896,116158,4512480,8.25685,8.47138,49.172,14.0674,14.027,5.1207
1324,116835,441781,0.635095,1.07491,0.162294,0.223283,0.324912,2.6929
1323,116835,441781,0.632801,0.890962,0.117926,0.222861,0.369878,2.6943
1322,116835,441781,0.635652,0.858942,0.165222,0.35903,0.323482,2.6958
1321,116835,441781,0.636658,0.885727,0.116019,0.220733,0.324301,2.6955
1320,116835,441781,0.629978,1.36295,0.113514,0.266886,0.324096,2.6948
2228,120216,1665737,2.4018,3.1996,0.311091,0.540061,0.463254,1.8952
286,120750,749161,1.12081,1.34539,6.84162,13.7802,12.6309,2.4778
2378,121192,1383436,3.05322,3.29315,1.07004,0.664554,0.639386,0.4719
1278,121728,4103881,9.92604,10.3385,20.5042,19.7708,7.41858,6.101
805,123440,1605669,3.07303,3.19218,15.5652,18.4467,10.4636,5.64
960,125329,1418494,2.39408,2.72624,3.63719,2.50848,10.7007,4.0185
1454,127224,3421188,8.21745,8.42284,4.20293,3.14342,5.48537,3.7569
913,130228,1081382,1.99102,2.05823,0.378963,0.235654,0.771072,0.3638
1351,133123,4508981,10.6284,13.6783,224.483,162.618,183.693,184.8107
1279,140874,3977139,9.82447,10.1859,10.2715,7.97053,4.16277,3.4216
1253,141347,3740507,9.04458,9.42591,3.81929,1.99122,4.38784,4.0795
1849,146689,1891669,4.12534,4.90937,12.0151,12.2645,19.9037,6.6375
1852,147900,1818600,3.7451,3.79372,14.9519,22.443,24.5885,6.0845
1254,148770,5396386,13.3663,13.5892,4.23566,2.75076,12.3566,7.5675
1412,150102,438388,0.769304,0.956849,3.09356,5.27526,13.4377,2.1311
973,153226,2739727,6.58302,7.04047,9.20987,7.82452,13.9794,3.6904
1367,155331,5719417,12.1936,13.2196,267.997,185.773,209.105,208.2768
978,155924,2786141,6.75793,7.31437,9.23488,8.76916,14.8807,3.7348
977,155924,2786141,6.7303,7.76716,9.36532,8.56845,14.5022,3.7338
976,155924,2786141,6.74555,7.39507,9.28387,8.85413,14.8539,3.7345
975,155924,2786141,6.76276,7.24837,9.23441,8.71531,15.047,3.7318
974,155924,2786141,6.76925,7.18734,9.3257,8.7818,14.7131,3.7349
972,155924,2786141,6.68109,7.31118,9.24145,8.60556,14.7448,3.7321
802,157464,2012076,4.71197,4.83608,1.57013,0.932851,4.21949,2.3732
1859,160000,1232812,1.4569,1.5778,2.56342,6.68994,17.7596,2.4334
1858,160000,1232812,1.47664,1.58601,2.58259,6.74345,19.38,2.4321
2336,161070,4174236,10.1288,13.1627,13.7081,12.5155,20.9137,20.8747
1590,169422,724348,0.951974,1.26681,0.0683392,0.204934,0.257325,0.9937
953,169422,724348,0.952103,1.2088,0.0672224,0.204944,0.207242,0.994
544,170998,565030,1.43894,1.90034,5.69493,5.60938,4.12999,1.8666
2275,178866,570398,0.987559,1.09869,0.212614,0.586042,0.610298,1.5162
1280,179860,5146478,12.8312,13.5748,13.2876,11.6348,6.47812,4.9969
1301,180895,629694,0.805747,0.94296,0.0570912,0.180346,0.19905,0.1188
971,181343,5622444,13.675,14.1929,31.4252,32.9055,33.0066,16.447
1231,182730,938986,1.33468,1.42449,2.44861,2.50607,15.4609,2.1599
1362,185639,7598452,18.0665,19.2158,332.205,235.121,272.134,262.0693
1875,189860,767452,1.73152,1.97408,0.768608,0.492157,0.967987,0.6795
1251,189924,968455,1.41028,1.72459,3.31153,3.81541,10.1721,1.7877
2260,204316,1525272,3.60591,3.91347,1.99397,1.58872,0.771888,0.9153
2259,204316,813716,1.80156,1.94608,0.990118,1.02113,0.571702,0.4494
2376,206500,948056,1.31786,1.44574,39.1199,75.8977,84.7768,12.5014
895,213360,1617504,3.63054,3.4354,7.15868,10.1655,8.09963,3.0823
369,217918,5926171,14.5872,15.5277,201.66,160.19,225.561,229.4869
1266,220542,5494489,12.7894,13.7068,3.05327,1.86868,3.62055,2.1091
1349,221119,3943588,9.68385,10.0167,323.121,261.478,289.617,291.0372
2535,226340,554881,0.862297,0.956233,0.122022,0.289344,0.270934,0.3125
2534,226340,565431,0.864178,0.997902,0.075184,0.243754,0.270214,0.3132
1219,227362,5757996,14.4968,15.1042,5.29608,3.33389,7.84117,7.4757
1364,240369,5451000,13.7433,14.3392,368.538,291.042,325.19,325.4091
1513,240547,801331,2.84411,3.29987,0.219498,0.258653,0.27647,0.1688
1850,245874,6698185,16.9763,17.3145,23.0327,22.6923,23.6682,21.4646
1213,256000,1011200,1.69139,1.50111,0.949414,1.25246,23.3466,3.3138
898,259156,2343713,5.4859,5.63661,1.37408,0.843082,9.77674,3.4659
2283,259789,2251231,6.15358,6.44875,14.3669,12.931,16.0822,5.4532
1863,263743,783512,1.40353,1.5664,0.655251,0.715814,0.933779,1.5652
1353,268096,9378286,22.8723,23.5868,457.057,335.969,374.669,376.1201
1418,321671,1074739,2.563,3.229,0.485651,0.455437,0.546304,0.3746
1417,321821,1478630,3.11167,3.6006,2.17539,27.9264,23.3136,4.2805
1411,343791,13590452,34.8673,36.9493,8.45661,3.67933,4.37524,4.421
1579,345241,1343126,2.09414,2.14937,0.693552,0.878682,0.671642,0.3169
1373,358172,1154867,2.44988,2.21031,0.241779,0.410054,0.786022,3.2461
2337,381689,18948609,47.3175,50.2507,19.7392,14.0837,29.0584,23.2122
1241,389874,1323431,3.58095,3.7873,0.314534,0.502576,0.60641,0.434
1232,389874,1323431,3.63674,3.80059,0.311795,0.597411,0.606307,0.432
1236,392257,1567096,2.85639,2.69463,0.24703,0.445709,0.894358,0.5256
982,399130,864042,1.73562,1.83342,0.245542,0.545056,0.584499,0.3132
1370,411676,1277619,2.30933,2.31312,0.273232,0.48415,0.728986,3.0324
1644,415863,10328399,25.168,26.278,22.1222,26.0522,18.5955,12.6593
1893,440020,3000060,5.55374,5.17868,0.187171,0.526109,0.480448,0.3097
914,445315,3962329,10.3947,10.5405,0.62863,0.614422,2.4237,1.1667
1297,466316,1076622,1.61282,2.17861,0.970589,0.732195,0.674819,2.3997
1585,503625,9027150,23.2392,23.7469,26.6675,21.7655,64.0108,55.1023
1584,503625,9027150,23.2827,26.732,26.8835,21.7185,64.2385,55.1005
1583,503625,9027150,23.3047,23.4681,26.6626,21.3577,64.1682,55.0992
1582,503625,9027150,23.2885,23.6353,26.5767,21.4504,64.2353,55.0876
1581,503625,9027150,23.2436,23.5569,26.7914,21.3813,64.0046,55.0986
1580,503625,9027150,23.2159,23.6956,26.8886,21.4999,64.4268,55.0948
1267,503712,18660027,44.5166,46.0467,10.3274,4.85135,17.3807,13.8202
948,504855,9046865,23.3579,23.6558,16.0789,10.897,101.476,76.5898
947,504855,9046865,23.3228,23.7444,16.1753,10.882,102.246,76.5877
946,504855,9046865,23.4061,24.1277,16.0747,10.8769,104.786,76.5912
945,504855,9046865,23.4449,23.9091,16.0314,10.9464,102.123,76.5848
944,504855,9046865,23.2895,24.132,16.0808,10.6172,102.553,76.5924
943,504855,9046865,23.3705,24.5418,16.2427,10.8077,102.044,76.5876
942,504855,9046865,23.2813,23.8148,16.2145,10.8799,42434.1,76.601
941,504855,9046865,23.3634,24.1107,16.0632,10.7686,102.187,76.5985
940,504855,9046865,23.3409,23.6111,16.0798,10.6455,102.434,76.5992
1853,525825,2100225,4.59226,4.14826,0.241786,0.574445,0.694582,0.5099
2329,589446,11174185,35.103,37.3811,1.68467,1.30001,1.70097,1.5455
2543,638802,14626683,37.8856,38.8222,20.447,13.767,28.0039,15.7424
1397,643994,3418851,7.90277,7.71415,1.04344,1.08552,3.01538,11.3601
1396,643994,3146703,6.57471,7.07774,0.632115,1.04809,1.54501,11.3087
285,659033,3810251,8.98762,8.88853,3.53398,3.21065,24.3742,4.4382
1420,682712,1505944,4.13057,3.87417,0.458656,0.708954,0.981709,0.6709
1419,682862,2277355,5.60192,5.02053,4.63762,66.0122,34.6934,7.2284
1423,715176,2766523,6.75934,6.64624,3.1386,3.20968,66.276,20.2996
1899,726713,2903837,8.28243,8.69403,1629.95,2128.64,2332.39,658.7828
1455,914898,28191660,73.7089,76.43,13.3489,8.2449,38.343,23.6939
1898,917825,2751313,7.30797,6.74835,1050.3,2696.57,2904.88,846.3797
2542,923136,20964171,54.4651,55.8443,23.441,15.3512,55.2259,23.905
1252,943695,39297771,92.917,97.5732,27.5729,13.0228,94.5325,56.061
1268,952203,23737339,58.1103,60.2874,20.7134,23.1383,25.7689,20.3447
1453,986703,36326514,98.0936,110.497,12.2165,6.57511,681.28,54.424
1883,999999,2997995,8.10629,7.90488,8.93873,17.0567,239.381,83.6297
1882,1000000,2998000,8.3057,7.3741,8.83923,17.1742,238.769,83.6072
2379,1000005,2348442,5.66839,5.15299,1.93343,1.97534,4.26455,1.8619
1901,1062400,14883536,28.9428,32.7223,0.501142,1.10448,1.22306,0.9892
2388,1102824,45204422,112.447,117.586,111.845,58.5409,61.8496,45.2349
2386,1157456,24848204,63.455,75.1051,67.7761,41.4391,44.4427,22.7162
1403,1228045,4904179,16.2645,17.7355,5.9358,3.299,10.8464,4.4515
2266,1270432,5042656,13.97,12.917,2.08984,2.15198,176.997,19.4953
2265,1270432,5042656,13.7322,12.9724,2.18224,2.1305,173.709,19.4703
2541,1391349,32961525,87.0827,89.3294,22.8723,14.1457,50.2281,31.8516
2545,1437960,32297325,84.9551,86.5911,24.0624,17.0754,43.7951,22.26
1201,1447360,3032733,8.4569,7.67498,0.328419,1.48337,1.52074,0.981
2547,1465137,11235263,32.2962,32.8609,13.6965,8.42634,39.953,13.2379
2267,1489752,5904756,16.1626,15.1795,2.58324,2.44038,216.11,29.0884
2546,1498023,31207734,83.2247,85.3243,67.9745,53.9362,45.6502,30.5865
915,1505785,14318067,39.8956,41.1377,1.5006,1.9773,6.29125,3.4061
1586,1508065,27090195,71.6732,81.0731,36.3113,26.471,676.278,431.4488
2544,1564794,59485419,159.417,163.904,42.9917,30.1325,239.139,100.3247
1421,1585478,4623152,13.7647,12.6449,11.8194,7.91695,90.8629,35.0941
2384,2017169,141718456,371.804,379.122,293.603,215.096,581.599,492.5584
1876,2063494,8545814,23.8126,23.6792,0.907565,2.31178,3.28365,1.9239
2274,2707524,8188837,25.8497,23.2005,2.5073,3.23653,9.40001,5.204
2380,2987012,14804570,38.2892,36.1782,2.14716,5.71257,7.62501,55.1281
2216,3428755,11901587,35.5636,34.1645,2.4224,4.03773,6.07969,4.3206
2277,3523317,10631719,33.9736,31.3724,2.80317,4.34664,6.53537,4.4911
1902,3542400,50194096,101.915,103.711,1.50443,3.42376,3.759,3.2597
1398,4690002,12503753,39.5266,34.6063,11.7663,5.80803,343.846,122.7582
916,5154859,52177205,153.751,151.34,4.63998,6.88575,20.167,11.4812
2276,5558326,32542244,70.2054,69.2643,4.16238,20.7382,11.2532,31.9705
1903,8345600,118931856,245.51,254.431,3.72224,8.13748,8.80383,7.5223
1904,16240000,232232816,481.743,464.679,7.20372,15.7435,17.0726,14.6933